"filename", "language", "JSON", "Markdown", "HTML", "JavaScript", "XML", "PostCSS", "JavaScript JSX", "YAML", "TypeScript", "comment", "blank", "total"
"c:\Users\dell\Documents\ScholarX\ScholarX-React-main\ScholarX-React-main\.github\legacy_workflows\main_mynew-app-frontend.yml", "YAML", 0, 0, 0, 0, 0, 0, 0, 51, 0, 2, 12, 65
"c:\Users\dell\Documents\ScholarX\ScholarX-React-main\ScholarX-React-main\.github\workflows\azure-static-web-apps-red-island-0ed202b1e.yml", "YAML", 0, 0, 0, 0, 0, 0, 0, 43, 0, 3, 4, 50
"c:\Users\dell\Documents\ScholarX\ScholarX-React-main\ScholarX-React-main\DEBUGGING_GUIDE.md", "Markdown", 0, 114, 0, 0, 0, 0, 0, 0, 0, 0, 58, 172
"c:\Users\dell\Documents\ScholarX\ScholarX-React-main\ScholarX-React-main\README.md", "Markdown", 0, 7, 0, 0, 0, 0, 0, 0, 0, 0, 6, 13
"c:\Users\dell\Documents\ScholarX\ScholarX-React-main\ScholarX-React-main\eslint.config.js", "JavaScript", 0, 0, 0, 32, 0, 0, 0, 0, 0, 0, 2, 34
"c:\Users\dell\Documents\ScholarX\ScholarX-React-main\ScholarX-React-main\index.html", "HTML", 0, 0, 13, 0, 0, 0, 0, 0, 0, 0, 1, 14
"c:\Users\dell\Documents\ScholarX\ScholarX-React-main\ScholarX-React-main\package-lock.json", "JSON", 5544, 0, 0, 0, 0, 0, 0, 0, 0, 0, 1, 5545
"c:\Users\dell\Documents\ScholarX\ScholarX-React-main\ScholarX-React-main\package.json", "JSON", 52, 0, 0, 0, 0, 0, 0, 0, 0, 0, 1, 53
"c:\Users\dell\Documents\ScholarX\ScholarX-React-main\ScholarX-React-main\public\ScholarX-Logo-Icon-Blue_ScholarX.svg", "XML", 0, 0, 0, 0, 12, 0, 0, 0, 0, 0, 0, 12
"c:\Users\dell\Documents\ScholarX\ScholarX-React-main\ScholarX-React-main\public\ScholarX-Logo-Icon-White-Blue-BG_ScholarX.svg", "XML", 0, 0, 0, 0, 18, 0, 0, 0, 0, 0, 2, 20
"c:\Users\dell\Documents\ScholarX\ScholarX-React-main\ScholarX-React-main\public\certificate-template.svg", "XML", 0, 0, 0, 0, 1, 0, 0, 0, 0, 0, 0, 1
"c:\Users\dell\Documents\ScholarX\ScholarX-React-main\ScholarX-React-main\public\vite.svg", "XML", 0, 0, 0, 0, 1, 0, 0, 0, 0, 0, 0, 1
"c:\Users\dell\Documents\ScholarX\ScholarX-React-main\ScholarX-React-main\src\App.css", "PostCSS", 0, 0, 0, 0, 0, 0, 0, 0, 0, 0, 2, 2
"c:\Users\dell\Documents\ScholarX\ScholarX-React-main\ScholarX-React-main\src\App.jsx", "JavaScript JSX", 0, 0, 0, 0, 0, 0, 297, 0, 0, 10, 14, 321
"c:\Users\dell\Documents\ScholarX\ScholarX-React-main\ScholarX-React-main\src\assets\Images\react.svg", "XML", 0, 0, 0, 0, 1, 0, 0, 0, 0, 0, 0, 1
"c:\Users\dell\Documents\ScholarX\ScholarX-React-main\ScholarX-React-main\src\components\Admin\CourseEditorModal\CourseEditorModal.jsx", "JavaScript JSX", 0, 0, 0, 0, 0, 0, 524, 0, 0, 36, 38, 598
"c:\Users\dell\Documents\ScholarX\ScholarX-React-main\ScholarX-React-main\src\components\Admin\CourseEditorModal\CourseEditorModal.module.css", "PostCSS", 0, 0, 0, 0, 0, 626, 0, 0, 0, 24, 104, 754
"c:\Users\dell\Documents\ScholarX\ScholarX-React-main\ScholarX-React-main\src\components\Admin\CourseEditorModal\index.js", "JavaScript", 0, 0, 0, 1, 0, 0, 0, 0, 0, 3, 1, 5
"c:\Users\dell\Documents\ScholarX\ScholarX-React-main\ScholarX-React-main\src\components\BlockedUserMessage\BlockedUserMessage.css", "PostCSS", 0, 0, 0, 0, 0, 152, 0, 0, 0, 1, 25, 178
"c:\Users\dell\Documents\ScholarX\ScholarX-React-main\ScholarX-React-main\src\components\BlockedUserMessage\BlockedUserMessage.jsx", "JavaScript JSX", 0, 0, 0, 0, 0, 0, 49, 0, 0, 0, 7, 56
"c:\Users\dell\Documents\ScholarX\ScholarX-React-main\ScholarX-React-main\src\components\BlockedUserMessage\BlockedUserMessage.module.css", "PostCSS", 0, 0, 0, 0, 0, 152, 0, 0, 0, 1, 25, 178
"c:\Users\dell\Documents\ScholarX\ScholarX-React-main\ScholarX-React-main\src\components\CertificateModal\CertificateModal.jsx", "JavaScript JSX", 0, 0, 0, 0, 0, 0, 207, 0, 0, 6, 26, 239
"c:\Users\dell\Documents\ScholarX\ScholarX-React-main\ScholarX-React-main\src\components\Certificate\Certificate.jsx", "JavaScript JSX", 0, 0, 0, 0, 0, 0, 257, 0, 0, 22, 34, 313
"c:\Users\dell\Documents\ScholarX\ScholarX-React-main\ScholarX-React-main\src\components\Certificate\Certificate.module.css", "PostCSS", 0, 0, 0, 0, 0, 310, 0, 0, 0, 3, 54, 367
"c:\Users\dell\Documents\ScholarX\ScholarX-React-main\ScholarX-React-main\src\components\CourseCards\CourseCards.css", "PostCSS", 0, 0, 0, 0, 0, 34, 0, 0, 0, 0, 6, 40
"c:\Users\dell\Documents\ScholarX\ScholarX-React-main\ScholarX-React-main\src\components\CourseCards\CourseCards.jsx", "JavaScript JSX", 0, 0, 0, 0, 0, 0, 14, 0, 0, 0, 2, 16
"c:\Users\dell\Documents\ScholarX\ScholarX-React-main\ScholarX-React-main\src\components\CourseEnrollmentModal\CourseEnrollmentModal.jsx", "JavaScript JSX", 0, 0, 0, 0, 0, 0, 306, 0, 0, 23, 29, 358
"c:\Users\dell\Documents\ScholarX\ScholarX-React-main\ScholarX-React-main\src\components\CourseEnrollmentModal\courseEnrollmentSchema.js", "JavaScript", 0, 0, 0, 77, 0, 0, 0, 0, 0, 5, 12, 94
"c:\Users\dell\Documents\ScholarX\ScholarX-React-main\ScholarX-React-main\src\components\CourseEnrollmentModal\index.js", "JavaScript", 0, 0, 0, 3, 0, 0, 0, 0, 0, 0, 1, 4
"c:\Users\dell\Documents\ScholarX\ScholarX-React-main\ScholarX-React-main\src\components\EnrollmentButton\EnrollmentButton.css", "PostCSS", 0, 0, 0, 0, 0, 32, 0, 0, 0, 0, 6, 38
"c:\Users\dell\Documents\ScholarX\ScholarX-React-main\ScholarX-React-main\src\components\EnrollmentButton\EnrollmentButton.jsx", "JavaScript JSX", 0, 0, 0, 0, 0, 0, 134, 0, 0, 4, 13, 151
"c:\Users\dell\Documents\ScholarX\ScholarX-React-main\ScholarX-React-main\src\components\Footer\Footer.css", "PostCSS", 0, 0, 0, 0, 0, 177, 0, 0, 0, 6, 36, 219
"c:\Users\dell\Documents\ScholarX\ScholarX-React-main\ScholarX-React-main\src\components\Footer\Footer.jsx", "JavaScript JSX", 0, 0, 0, 0, 0, 0, 84, 0, 0, 0, 7, 91
"c:\Users\dell\Documents\ScholarX\ScholarX-React-main\ScholarX-React-main\src\components\ForgotPasswordModal\ForgotPasswordModal.css", "PostCSS", 0, 0, 0, 0, 0, 179, 0, 0, 0, 1, 31, 211
"c:\Users\dell\Documents\ScholarX\ScholarX-React-main\ScholarX-React-main\src\components\ForgotPasswordModal\ForgotPasswordModal.jsx", "JavaScript JSX", 0, 0, 0, 0, 0, 0, 81, 0, 0, 0, 11, 92
"c:\Users\dell\Documents\ScholarX\ScholarX-React-main\ScholarX-React-main\src\components\NavBar\NavBar.css", "PostCSS", 0, 0, 0, 0, 0, 249, 0, 0, 0, 0, 43, 292
"c:\Users\dell\Documents\ScholarX\ScholarX-React-main\ScholarX-React-main\src\components\NavBar\NavBar.jsx", "JavaScript JSX", 0, 0, 0, 0, 0, 0, 241, 0, 0, 5, 19, 265
"c:\Users\dell\Documents\ScholarX\ScholarX-React-main\ScholarX-React-main\src\components\PasswordUpdate\PasswordUpdate.css", "PostCSS", 0, 0, 0, 0, 0, 136, 0, 0, 0, 1, 21, 158
"c:\Users\dell\Documents\ScholarX\ScholarX-React-main\ScholarX-React-main\src\components\PasswordUpdate\PasswordUpdate.jsx", "JavaScript JSX", 0, 0, 0, 0, 0, 0, 125, 0, 0, 2, 13, 140
"c:\Users\dell\Documents\ScholarX\ScholarX-React-main\ScholarX-React-main\src\components\SalesInquiryCTA\SalesInquiryCTA.jsx", "JavaScript JSX", 0, 0, 0, 0, 0, 0, 113, 0, 0, 22, 11, 146
"c:\Users\dell\Documents\ScholarX\ScholarX-React-main\ScholarX-React-main\src\components\SalesInquiryCTA\SalesInquiryCTA.module.css", "PostCSS", 0, 0, 0, 0, 0, 116, 0, 0, 0, 9, 19, 144
"c:\Users\dell\Documents\ScholarX\ScholarX-React-main\ScholarX-React-main\src\components\SalesInquiryCTA\index.js", "JavaScript", 0, 0, 0, 1, 0, 0, 0, 0, 0, 0, 1, 2
"c:\Users\dell\Documents\ScholarX\ScholarX-React-main\ScholarX-React-main\src\components\SalesInquiryModal\SalesInquiryModal.jsx", "JavaScript JSX", 0, 0, 0, 0, 0, 0, 357, 0, 0, 37, 29, 423
"c:\Users\dell\Documents\ScholarX\ScholarX-React-main\ScholarX-React-main\src\components\SalesInquiryModal\SalesInquiryModal.module.css", "PostCSS", 0, 0, 0, 0, 0, 286, 0, 0, 0, 18, 46, 350
"c:\Users\dell\Documents\ScholarX\ScholarX-React-main\ScholarX-React-main\src\components\SalesInquiryModal\index.js", "JavaScript", 0, 0, 0, 1, 0, 0, 0, 0, 0, 0, 1, 2
"c:\Users\dell\Documents\ScholarX\ScholarX-React-main\ScholarX-React-main\src\components\SalesInquiryModal\salesInquirySchema.js", "JavaScript", 0, 0, 0, 26, 0, 0, 0, 0, 0, 19, 8, 53
"c:\Users\dell\Documents\ScholarX\ScholarX-React-main\ScholarX-React-main\src\components\SecureVideoPlayer\SecureVideoPlayer.css", "PostCSS", 0, 0, 0, 0, 0, 267, 0, 0, 0, 44, 48, 359
"c:\Users\dell\Documents\ScholarX\ScholarX-React-main\ScholarX-React-main\src\components\SecureVideoPlayer\SecureVideoPlayer.jsx", "JavaScript JSX", 0, 0, 0, 0, 0, 0, 304, 0, 0, 69, 47, 420
"c:\Users\dell\Documents\ScholarX\ScholarX-React-main\ScholarX-React-main\src\components\Services\AmbassadorModal\AmbassadorModal.css", "PostCSS", 0, 0, 0, 0, 0, 118, 0, 0, 0, 2, 20, 140
"c:\Users\dell\Documents\ScholarX\ScholarX-React-main\ScholarX-React-main\src\components\Services\AmbassadorModal\AmbassadorModal.jsx", "JavaScript JSX", 0, 0, 0, 0, 0, 0, 65, 0, 0, 1, 10, 76
"c:\Users\dell\Documents\ScholarX\ScholarX-React-main\ScholarX-React-main\src\components\Services\MentorshipModal\MentorshipModal.css", "PostCSS", 0, 0, 0, 0, 0, 184, 0, 0, 0, 3, 33, 220
"c:\Users\dell\Documents\ScholarX\ScholarX-React-main\ScholarX-React-main\src\components\Services\MentorshipModal\MentorshipModal.jsx", "JavaScript JSX", 0, 0, 0, 0, 0, 0, 104, 0, 0, 1, 13, 118
"c:\Users\dell\Documents\ScholarX\ScholarX-React-main\ScholarX-React-main\src\components\Services\PodcastModal\PodcastModal.css", "PostCSS", 0, 0, 0, 0, 0, 167, 0, 0, 0, 3, 30, 200
"c:\Users\dell\Documents\ScholarX\ScholarX-React-main\ScholarX-React-main\src\components\Services\PodcastModal\PodcastModal.jsx", "JavaScript JSX", 0, 0, 0, 0, 0, 0, 69, 0, 0, 1, 9, 79
"c:\Users\dell\Documents\ScholarX\ScholarX-React-main\ScholarX-React-main\src\components\common\MarkdownEditor\MarkdownEditor.jsx", "JavaScript JSX", 0, 0, 0, 0, 0, 0, 199, 0, 0, 53, 22, 274
"c:\Users\dell\Documents\ScholarX\ScholarX-React-main\ScholarX-React-main\src\components\common\MarkdownEditor\MarkdownEditor.module.css", "PostCSS", 0, 0, 0, 0, 0, 189, 0, 0, 0, 15, 32, 236
"c:\Users\dell\Documents\ScholarX\ScholarX-React-main\ScholarX-React-main\src\components\common\MarkdownEditor\index.js", "JavaScript", 0, 0, 0, 1, 0, 0, 0, 0, 0, 4, 1, 6
"c:\Users\dell\Documents\ScholarX\ScholarX-React-main\ScholarX-React-main\src\components\common\MarkdownRenderer\MarkdownRenderer.jsx", "JavaScript JSX", 0, 0, 0, 0, 0, 0, 89, 0, 0, 40, 10, 139
"c:\Users\dell\Documents\ScholarX\ScholarX-React-main\ScholarX-React-main\src\components\common\MarkdownRenderer\MarkdownRenderer.module.css", "PostCSS", 0, 0, 0, 0, 0, 59, 0, 0, 0, 13, 14, 86
"c:\Users\dell\Documents\ScholarX\ScholarX-React-main\ScholarX-React-main\src\components\common\MarkdownRenderer\index.js", "JavaScript", 0, 0, 0, 1, 0, 0, 0, 0, 0, 4, 1, 6
"c:\Users\dell\Documents\ScholarX\ScholarX-React-main\ScholarX-React-main\src\context\UserContext.jsx", "JavaScript JSX", 0, 0, 0, 0, 0, 0, 61, 0, 0, 1, 9, 71
"c:\Users\dell\Documents\ScholarX\ScholarX-React-main\ScholarX-React-main\src\hooks\useCourseEnrollment.js", "JavaScript", 0, 0, 0, 368, 0, 0, 0, 0, 0, 23, 47, 438
"c:\Users\dell\Documents\ScholarX\ScholarX-React-main\ScholarX-React-main\src\hooks\useDeviceCapabilities.js", "JavaScript", 0, 0, 0, 21, 0, 0, 0, 0, 0, 18, 8, 47
"c:\Users\dell\Documents\ScholarX\ScholarX-React-main\ScholarX-React-main\src\hooks\useDeviceCapabilities.test.js", "JavaScript", 0, 0, 0, 101, 0, 0, 0, 0, 0, 16, 29, 146
"c:\Users\dell\Documents\ScholarX\ScholarX-React-main\ScholarX-React-main\src\hooks\useSalesInquiry.js", "JavaScript", 0, 0, 0, 22, 0, 0, 0, 0, 0, 12, 6, 40
"c:\Users\dell\Documents\ScholarX\ScholarX-React-main\ScholarX-React-main\src\index.css", "PostCSS", 0, 0, 0, 0, 0, 7, 0, 0, 0, 1, 2, 10
"c:\Users\dell\Documents\ScholarX\ScholarX-React-main\ScholarX-React-main\src\main.jsx", "JavaScript JSX", 0, 0, 0, 0, 0, 0, 14, 0, 0, 1, 2, 17
"c:\Users\dell\Documents\ScholarX\ScholarX-React-main\ScholarX-React-main\src\pages\About\About.jsx", "JavaScript JSX", 0, 0, 0, 0, 0, 0, 70, 0, 0, 13, 11, 94
"c:\Users\dell\Documents\ScholarX\ScholarX-React-main\ScholarX-React-main\src\pages\About\About.module.css", "PostCSS", 0, 0, 0, 0, 0, 62, 0, 0, 0, 2, 11, 75
"c:\Users\dell\Documents\ScholarX\ScholarX-React-main\ScholarX-React-main\src\pages\About\README.md", "Markdown", 0, 367, 0, 0, 0, 0, 0, 0, 0, 0, 135, 502
"c:\Users\dell\Documents\ScholarX\ScholarX-React-main\ScholarX-React-main\src\pages\About\components\HeroSection\HeroSection.jsx", "JavaScript JSX", 0, 0, 0, 0, 0, 0, 42, 0, 0, 4, 6, 52
"c:\Users\dell\Documents\ScholarX\ScholarX-React-main\ScholarX-React-main\src\pages\About\components\HeroSection\HeroSection.module.css", "PostCSS", 0, 0, 0, 0, 0, 167, 0, 0, 0, 4, 29, 200
"c:\Users\dell\Documents\ScholarX\ScholarX-React-main\ScholarX-React-main\src\pages\About\components\ImpactSection\ImpactSection.jsx", "JavaScript JSX", 0, 0, 0, 0, 0, 0, 50, 0, 0, 4, 7, 61
"c:\Users\dell\Documents\ScholarX\ScholarX-React-main\ScholarX-React-main\src\pages\About\components\ImpactSection\ImpactSection.module.css", "PostCSS", 0, 0, 0, 0, 0, 122, 0, 0, 0, 3, 23, 148
"c:\Users\dell\Documents\ScholarX\ScholarX-React-main\ScholarX-React-main\src\pages\About\components\VisionSection\VisionSection.jsx", "JavaScript JSX", 0, 0, 0, 0, 0, 0, 29, 0, 0, 4, 5, 38
"c:\Users\dell\Documents\ScholarX\ScholarX-React-main\ScholarX-React-main\src\pages\About\components\VisionSection\VisionSection.module.css", "PostCSS", 0, 0, 0, 0, 0, 128, 0, 0, 0, 3, 22, 153
"c:\Users\dell\Documents\ScholarX\ScholarX-React-main\ScholarX-React-main\src\pages\About\components\index.js", "JavaScript", 0, 0, 0, 4, 0, 0, 0, 0, 0, 3, 2, 9
"c:\Users\dell\Documents\ScholarX\ScholarX-React-main\ScholarX-React-main\src\pages\About\components\shared\ContentRow.jsx", "JavaScript JSX", 0, 0, 0, 0, 0, 0, 61, 0, 0, 5, 7, 73
"c:\Users\dell\Documents\ScholarX\ScholarX-React-main\ScholarX-React-main\src\pages\About\components\shared\ContentRow.module.css", "PostCSS", 0, 0, 0, 0, 0, 175, 0, 0, 0, 3, 29, 207
"c:\Users\dell\Documents\ScholarX\ScholarX-React-main\ScholarX-React-main\src\pages\About\components\shared\ImpactCard.jsx", "JavaScript JSX", 0, 0, 0, 0, 0, 0, 22, 0, 0, 4, 5, 31
"c:\Users\dell\Documents\ScholarX\ScholarX-React-main\ScholarX-React-main\src\pages\About\components\shared\ImpactCard.module.css", "PostCSS", 0, 0, 0, 0, 0, 150, 0, 0, 0, 3, 25, 178
"c:\Users\dell\Documents\ScholarX\ScholarX-React-main\ScholarX-React-main\src\pages\About\components\shared\index.js", "JavaScript", 0, 0, 0, 2, 0, 0, 0, 0, 0, 3, 2, 7
"c:\Users\dell\Documents\ScholarX\ScholarX-React-main\ScholarX-React-main\src\pages\About\constants\index.js", "JavaScript", 0, 0, 0, 173, 0, 0, 0, 0, 0, 11, 10, 194
"c:\Users\dell\Documents\ScholarX\ScholarX-React-main\ScholarX-React-main\src\pages\About\index.js", "JavaScript", 0, 0, 0, 1, 0, 0, 0, 0, 0, 3, 2, 6
"c:\Users\dell\Documents\ScholarX\ScholarX-React-main\ScholarX-React-main\src\pages\Admin\Courses\Courses.css", "PostCSS", 0, 0, 0, 0, 0, 422, 0, 0, 0, 8, 65, 495
"c:\Users\dell\Documents\ScholarX\ScholarX-React-main\ScholarX-React-main\src\pages\Admin\Courses\Courses.jsx", "JavaScript JSX", 0, 0, 0, 0, 0, 0, 1050, 0, 0, 8, 31, 1089
"c:\Users\dell\Documents\ScholarX\ScholarX-React-main\ScholarX-React-main\src\pages\Admin\Dashboard\Dashboard.css", "PostCSS", 0, 0, 0, 0, 0, 107, 0, 0, 0, 0, 14, 121
"c:\Users\dell\Documents\ScholarX\ScholarX-React-main\ScholarX-React-main\src\pages\Admin\Dashboard\Dashboard.jsx", "JavaScript JSX", 0, 0, 0, 0, 0, 0, 82, 0, 0, 4, 9, 95
"c:\Users\dell\Documents\ScholarX\ScholarX-React-main\ScholarX-React-main\src\pages\Admin\Reports\Reports.css", "PostCSS", 0, 0, 0, 0, 0, 204, 0, 0, 0, 5, 26, 235
"c:\Users\dell\Documents\ScholarX\ScholarX-React-main\ScholarX-React-main\src\pages\Admin\Reports\Reports.jsx", "JavaScript JSX", 0, 0, 0, 0, 0, 0, 134, 0, 0, 0, 12, 146
"c:\Users\dell\Documents\ScholarX\ScholarX-React-main\ScholarX-React-main\src\pages\Admin\Subscriptions\Subscriptions.css", "PostCSS", 0, 0, 0, 0, 0, 193, 0, 0, 0, 2, 25, 220
"c:\Users\dell\Documents\ScholarX\ScholarX-React-main\ScholarX-React-main\src\pages\Admin\Subscriptions\Subscriptions.jsx", "JavaScript JSX", 0, 0, 0, 0, 0, 0, 194, 0, 0, 22, 14, 230
"c:\Users\dell\Documents\ScholarX\ScholarX-React-main\ScholarX-React-main\src\pages\Admin\Users\Users.css", "PostCSS", 0, 0, 0, 0, 0, 227, 0, 0, 0, 0, 34, 261
"c:\Users\dell\Documents\ScholarX\ScholarX-React-main\ScholarX-React-main\src\pages\Admin\Users\Users.jsx", "JavaScript JSX", 0, 0, 0, 0, 0, 0, 259, 0, 0, 35, 24, 318
"c:\Users\dell\Documents\ScholarX\ScholarX-React-main\ScholarX-React-main\src\pages\CertificateVerify\CertificateVerify.jsx", "JavaScript JSX", 0, 0, 0, 0, 0, 0, 133, 0, 0, 5, 11, 149
"c:\Users\dell\Documents\ScholarX\ScholarX-React-main\ScholarX-React-main\src\pages\CertificateVerify\CertificateVerify.module.css", "PostCSS", 0, 0, 0, 0, 0, 170, 0, 0, 0, 6, 30, 206
"c:\Users\dell\Documents\ScholarX\ScholarX-React-main\ScholarX-React-main\src\pages\CertificateVerify\index.js", "JavaScript", 0, 0, 0, 1, 0, 0, 0, 0, 0, 0, 1, 2
"c:\Users\dell\Documents\ScholarX\ScholarX-React-main\ScholarX-React-main\src\pages\Certificates\Certificates.jsx", "JavaScript JSX", 0, 0, 0, 0, 0, 0, 142, 0, 0, 0, 13, 155
"c:\Users\dell\Documents\ScholarX\ScholarX-React-main\ScholarX-React-main\src\pages\Certificates\Certificates.module.css", "PostCSS", 0, 0, 0, 0, 0, 321, 0, 0, 0, 1, 58, 380
"c:\Users\dell\Documents\ScholarX\ScholarX-React-main\ScholarX-React-main\src\pages\ChangePssword\ChangePassword.css", "PostCSS", 0, 0, 0, 0, 0, 64, 0, 0, 0, 1, 9, 74
"c:\Users\dell\Documents\ScholarX\ScholarX-React-main\ScholarX-React-main\src\pages\ChangePssword\ChangePassword.jsx", "JavaScript JSX", 0, 0, 0, 0, 0, 0, 74, 0, 0, 0, 9, 83
"c:\Users\dell\Documents\ScholarX\ScholarX-React-main\ScholarX-React-main\src\pages\Contact\Contact.jsx", "JavaScript JSX", 0, 0, 0, 0, 0, 0, 235, 0, 0, 0, 20, 255
"c:\Users\dell\Documents\ScholarX\ScholarX-React-main\ScholarX-React-main\src\pages\Contact\Contact.module.css", "PostCSS", 0, 0, 0, 0, 0, 139, 0, 0, 0, 1, 28, 168
"c:\Users\dell\Documents\ScholarX\ScholarX-React-main\ScholarX-React-main\src\pages\CourseInfo\CourseData.jsx", "JavaScript JSX", 0, 0, 0, 0, 0, 0, 53, 0, 0, 0, 2, 55
"c:\Users\dell\Documents\ScholarX\ScholarX-React-main\ScholarX-React-main\src\pages\CourseInfo\CourseInfo.css", "PostCSS", 0, 0, 0, 0, 0, 485, 0, 0, 0, 6, 97, 588
"c:\Users\dell\Documents\ScholarX\ScholarX-React-main\ScholarX-React-main\src\pages\CourseInfo\CourseInfo.jsx", "JavaScript JSX", 0, 0, 0, 0, 0, 0, 168, 0, 0, 37, 26, 231
"c:\Users\dell\Documents\ScholarX\ScholarX-React-main\ScholarX-React-main\src\pages\CourseInfo\CourseInfo.module.css", "PostCSS", 0, 0, 0, 0, 0, 19, 0, 0, 0, 8, 6, 33
"c:\Users\dell\Documents\ScholarX\ScholarX-React-main\ScholarX-React-main\src\pages\CourseInfo\components\CheckList.jsx", "JavaScript JSX", 0, 0, 0, 0, 0, 0, 31, 0, 0, 8, 7, 46
"c:\Users\dell\Documents\ScholarX\ScholarX-React-main\ScholarX-React-main\src\pages\CourseInfo\components\CheckList.module.css", "PostCSS", 0, 0, 0, 0, 0, 95, 0, 0, 0, 6, 16, 117
"c:\Users\dell\Documents\ScholarX\ScholarX-React-main\ScholarX-React-main\src\pages\CourseInfo\components\CourseCurriculum.jsx", "JavaScript JSX", 0, 0, 0, 0, 0, 0, 168, 0, 0, 21, 17, 206
"c:\Users\dell\Documents\ScholarX\ScholarX-React-main\ScholarX-React-main\src\pages\CourseInfo\components\CourseCurriculum.module.css", "PostCSS", 0, 0, 0, 0, 0, 225, 0, 0, 0, 22, 50, 297
"c:\Users\dell\Documents\ScholarX\ScholarX-React-main\ScholarX-React-main\src\pages\CourseInfo\components\CourseDescription.jsx", "JavaScript JSX", 0, 0, 0, 0, 0, 0, 17, 0, 0, 9, 7, 33
"c:\Users\dell\Documents\ScholarX\ScholarX-React-main\ScholarX-React-main\src\pages\CourseInfo\components\CourseDescription.module.css", "PostCSS", 0, 0, 0, 0, 0, 31, 0, 0, 0, 5, 6, 42
"c:\Users\dell\Documents\ScholarX\ScholarX-React-main\ScholarX-React-main\src\pages\CourseInfo\components\CourseHeader.jsx", "JavaScript JSX", 0, 0, 0, 0, 0, 0, 79, 0, 0, 14, 11, 104
"c:\Users\dell\Documents\ScholarX\ScholarX-React-main\ScholarX-React-main\src\pages\CourseInfo\components\CourseHeader.module.css", "PostCSS", 0, 0, 0, 0, 0, 176, 0, 0, 0, 5, 33, 214
"c:\Users\dell\Documents\ScholarX\ScholarX-React-main\ScholarX-React-main\src\pages\CourseInfo\components\CourseHero.jsx", "JavaScript JSX", 0, 0, 0, 0, 0, 0, 158, 0, 0, 24, 19, 201
"c:\Users\dell\Documents\ScholarX\ScholarX-React-main\ScholarX-React-main\src\pages\CourseInfo\components\CourseHero.module.css", "PostCSS", 0, 0, 0, 0, 0, 263, 0, 0, 0, 32, 50, 345
"c:\Users\dell\Documents\ScholarX\ScholarX-React-main\ScholarX-React-main\src\pages\CourseInfo\components\CourseOverview.jsx", "JavaScript JSX", 0, 0, 0, 0, 0, 0, 145, 0, 0, 25, 24, 194
"c:\Users\dell\Documents\ScholarX\ScholarX-React-main\ScholarX-React-main\src\pages\CourseInfo\components\CourseOverview.module.css", "PostCSS", 0, 0, 0, 0, 0, 167, 0, 0, 0, 19, 36, 222
"c:\Users\dell\Documents\ScholarX\ScholarX-React-main\ScholarX-React-main\src\pages\CourseInfo\components\CourseSection.jsx", "JavaScript JSX", 0, 0, 0, 0, 0, 0, 47, 0, 0, 11, 6, 64
"c:\Users\dell\Documents\ScholarX\ScholarX-React-main\ScholarX-React-main\src\pages\CourseInfo\components\CourseSection.module.css", "PostCSS", 0, 0, 0, 0, 0, 140, 0, 0, 0, 14, 28, 182
"c:\Users\dell\Documents\ScholarX\ScholarX-React-main\ScholarX-React-main\src\pages\CourseInfo\components\CourseStats.jsx", "JavaScript JSX", 0, 0, 0, 0, 0, 0, 34, 0, 0, 7, 6, 47
"c:\Users\dell\Documents\ScholarX\ScholarX-React-main\ScholarX-React-main\src\pages\CourseInfo\components\CourseStats.module.css", "PostCSS", 0, 0, 0, 0, 0, 51, 0, 0, 0, 6, 7, 64
"c:\Users\dell\Documents\ScholarX\ScholarX-React-main\ScholarX-React-main\src\pages\CourseInfo\components\ErrorState.jsx", "JavaScript JSX", 0, 0, 0, 0, 0, 0, 25, 0, 0, 7, 6, 38
"c:\Users\dell\Documents\ScholarX\ScholarX-React-main\ScholarX-React-main\src\pages\CourseInfo\components\ErrorState.module.css", "PostCSS", 0, 0, 0, 0, 0, 47, 0, 0, 0, 0, 7, 54
"c:\Users\dell\Documents\ScholarX\ScholarX-React-main\ScholarX-React-main\src\pages\CourseInfo\components\FAQAccordion.jsx", "JavaScript JSX", 0, 0, 0, 0, 0, 0, 106, 0, 0, 18, 14, 138
"c:\Users\dell\Documents\ScholarX\ScholarX-React-main\ScholarX-React-main\src\pages\CourseInfo\components\FAQAccordion.module.css", "PostCSS", 0, 0, 0, 0, 0, 138, 0, 0, 0, 22, 36, 196
"c:\Users\dell\Documents\ScholarX\ScholarX-React-main\ScholarX-React-main\src\pages\CourseInfo\components\InstructorSpotlight.jsx", "JavaScript JSX", 0, 0, 0, 0, 0, 0, 155, 0, 0, 26, 19, 200
"c:\Users\dell\Documents\ScholarX\ScholarX-React-main\ScholarX-React-main\src\pages\CourseInfo\components\InstructorSpotlight.module.css", "PostCSS", 0, 0, 0, 0, 0, 253, 0, 0, 0, 25, 49, 327
"c:\Users\dell\Documents\ScholarX\ScholarX-React-main\ScholarX-React-main\src\pages\CourseInfo\components\LoadingState.jsx", "JavaScript JSX", 0, 0, 0, 0, 0, 0, 16, 0, 0, 6, 6, 28
"c:\Users\dell\Documents\ScholarX\ScholarX-React-main\ScholarX-React-main\src\pages\CourseInfo\components\LoadingState.module.css", "PostCSS", 0, 0, 0, 0, 0, 27, 0, 0, 0, 0, 4, 31
"c:\Users\dell\Documents\ScholarX\ScholarX-React-main\ScholarX-React-main\src\pages\CourseInfo\components\ReviewsSection.jsx", "JavaScript JSX", 0, 0, 0, 0, 0, 0, 159, 0, 0, 23, 18, 200
"c:\Users\dell\Documents\ScholarX\ScholarX-React-main\ScholarX-React-main\src\pages\CourseInfo\components\ReviewsSection.module.css", "PostCSS", 0, 0, 0, 0, 0, 199, 0, 0, 0, 25, 47, 271
"c:\Users\dell\Documents\ScholarX\ScholarX-React-main\ScholarX-React-main\src\pages\CourseInfo\components\StarRating.jsx", "JavaScript JSX", 0, 0, 0, 0, 0, 0, 95, 0, 0, 23, 13, 131
"c:\Users\dell\Documents\ScholarX\ScholarX-React-main\ScholarX-React-main\src\pages\CourseInfo\components\StarRating.module.css", "PostCSS", 0, 0, 0, 0, 0, 19, 0, 0, 0, 0, 4, 23
"c:\Users\dell\Documents\ScholarX\ScholarX-React-main\ScholarX-React-main\src\pages\CourseInfo\components\StatCard.jsx", "JavaScript JSX", 0, 0, 0, 0, 0, 0, 28, 0, 0, 10, 6, 44
"c:\Users\dell\Documents\ScholarX\ScholarX-React-main\ScholarX-React-main\src\pages\CourseInfo\components\StatCard.module.css", "PostCSS", 0, 0, 0, 0, 0, 73, 0, 0, 0, 1, 13, 87
"c:\Users\dell\Documents\ScholarX\ScholarX-React-main\ScholarX-React-main\src\pages\CourseInfo\components\StickyEnrollBar.jsx", "JavaScript JSX", 0, 0, 0, 0, 0, 0, 88, 0, 0, 13, 12, 113
"c:\Users\dell\Documents\ScholarX\ScholarX-React-main\ScholarX-React-main\src\pages\CourseInfo\components\StickyEnrollBar.module.css", "PostCSS", 0, 0, 0, 0, 0, 96, 0, 0, 0, 13, 19, 128
"c:\Users\dell\Documents\ScholarX\ScholarX-React-main\ScholarX-React-main\src\pages\CourseInfo\components\index.js", "JavaScript", 0, 0, 0, 16, 0, 0, 0, 0, 0, 7, 4, 27
"c:\Users\dell\Documents\ScholarX\ScholarX-React-main\ScholarX-React-main\src\pages\CourseInfo\constants\index.js", "JavaScript", 0, 0, 0, 59, 0, 0, 0, 0, 0, 9, 6, 74
"c:\Users\dell\Documents\ScholarX\ScholarX-React-main\ScholarX-React-main\src\pages\CourseInfo\hooks\index.js", "JavaScript", 0, 0, 0, 2, 0, 0, 0, 0, 0, 4, 2, 8
"c:\Users\dell\Documents\ScholarX\ScholarX-React-main\ScholarX-React-main\src\pages\CourseInfo\hooks\useCourseData.js", "JavaScript", 0, 0, 0, 48, 0, 0, 0, 0, 0, 16, 14, 78
"c:\Users\dell\Documents\ScholarX\ScholarX-React-main\ScholarX-React-main\src\pages\CourseInfo\hooks\useSubscriptionStatus.js", "JavaScript", 0, 0, 0, 54, 0, 0, 0, 0, 0, 13, 14, 81
"c:\Users\dell\Documents\ScholarX\ScholarX-React-main\ScholarX-React-main\src\pages\CourseInfo\index.js", "JavaScript", 0, 0, 0, 7, 0, 0, 0, 0, 0, 10, 7, 24
"c:\Users\dell\Documents\ScholarX\ScholarX-React-main\ScholarX-React-main\src\pages\CourseInfo\styles\courseInfo.variables.css", "PostCSS", 0, 0, 0, 0, 0, 181, 0, 0, 0, 45, 34, 260
"c:\Users\dell\Documents\ScholarX\ScholarX-React-main\ScholarX-React-main\src\pages\CourseInfo\utils\courseDataMapper.js", "JavaScript", 0, 0, 0, 173, 0, 0, 0, 0, 0, 51, 31, 255
"c:\Users\dell\Documents\ScholarX\ScholarX-React-main\ScholarX-React-main\src\pages\Courses\Courses.jsx", "JavaScript JSX", 0, 0, 0, 0, 0, 0, 139, 0, 0, 27, 21, 187
"c:\Users\dell\Documents\ScholarX\ScholarX-React-main\ScholarX-React-main\src\pages\Courses\Courses.module.css", "PostCSS", 0, 0, 0, 0, 0, 26, 0, 0, 0, 5, 5, 36
"c:\Users\dell\Documents\ScholarX\ScholarX-React-main\ScholarX-React-main\src\pages\Courses\components\CourseBadge.jsx", "JavaScript JSX", 0, 0, 0, 0, 0, 0, 30, 0, 0, 8, 9, 47
"c:\Users\dell\Documents\ScholarX\ScholarX-React-main\ScholarX-React-main\src\pages\Courses\components\CourseBadge.module.css", "PostCSS", 0, 0, 0, 0, 0, 39, 0, 0, 0, 0, 7, 46
"c:\Users\dell\Documents\ScholarX\ScholarX-React-main\ScholarX-React-main\src\pages\Courses\components\CourseCard.jsx", "JavaScript JSX", 0, 0, 0, 0, 0, 0, 175, 0, 0, 24, 20, 219
"c:\Users\dell\Documents\ScholarX\ScholarX-React-main\ScholarX-React-main\src\pages\Courses\components\CourseCard.module.css", "PostCSS", 0, 0, 0, 0, 0, 182, 0, 0, 0, 11, 31, 224
"c:\Users\dell\Documents\ScholarX\ScholarX-React-main\ScholarX-React-main\src\pages\Courses\components\CourseCardSkeleton.jsx", "JavaScript JSX", 0, 0, 0, 0, 0, 0, 34, 0, 0, 5, 6, 45
"c:\Users\dell\Documents\ScholarX\ScholarX-React-main\ScholarX-React-main\src\pages\Courses\components\CourseCardSkeleton.module.css", "PostCSS", 0, 0, 0, 0, 0, 120, 0, 0, 0, 3, 19, 142
"c:\Users\dell\Documents\ScholarX\ScholarX-React-main\ScholarX-React-main\src\pages\Courses\components\CourseGrid.jsx", "JavaScript JSX", 0, 0, 0, 0, 0, 0, 55, 0, 0, 10, 8, 73
"c:\Users\dell\Documents\ScholarX\ScholarX-React-main\ScholarX-React-main\src\pages\Courses\components\CourseGrid.module.css", "PostCSS", 0, 0, 0, 0, 0, 29, 0, 0, 0, 3, 5, 37
"c:\Users\dell\Documents\ScholarX\ScholarX-React-main\ScholarX-React-main\src\pages\Courses\components\CourseMetaBadge.jsx", "JavaScript JSX", 0, 0, 0, 0, 0, 0, 36, 0, 0, 9, 9, 54
"c:\Users\dell\Documents\ScholarX\ScholarX-React-main\ScholarX-React-main\src\pages\Courses\components\CourseMetaBadge.module.css", "PostCSS", 0, 0, 0, 0, 0, 50, 0, 0, 0, 3, 11, 64
"c:\Users\dell\Documents\ScholarX\ScholarX-React-main\ScholarX-React-main\src\pages\Courses\components\CoursePrice.jsx", "JavaScript JSX", 0, 0, 0, 0, 0, 0, 38, 0, 0, 9, 7, 54
"c:\Users\dell\Documents\ScholarX\ScholarX-React-main\ScholarX-React-main\src\pages\Courses\components\CoursePrice.module.css", "PostCSS", 0, 0, 0, 0, 0, 24, 0, 0, 0, 0, 4, 28
"c:\Users\dell\Documents\ScholarX\ScholarX-React-main\ScholarX-React-main\src\pages\Courses\components\CourseRating.jsx", "JavaScript JSX", 0, 0, 0, 0, 0, 0, 55, 0, 0, 10, 9, 74
"c:\Users\dell\Documents\ScholarX\ScholarX-React-main\ScholarX-React-main\src\pages\Courses\components\CourseRating.module.css", "PostCSS", 0, 0, 0, 0, 0, 26, 0, 0, 0, 0, 7, 33
"c:\Users\dell\Documents\ScholarX\ScholarX-React-main\ScholarX-React-main\src\pages\Courses\components\CourseSection.jsx", "JavaScript JSX", 0, 0, 0, 0, 0, 0, 73, 0, 0, 16, 9, 98
"c:\Users\dell\Documents\ScholarX\ScholarX-React-main\ScholarX-React-main\src\pages\Courses\components\CourseSection.module.css", "PostCSS", 0, 0, 0, 0, 0, 42, 0, 0, 0, 1, 7, 50
"c:\Users\dell\Documents\ScholarX\ScholarX-React-main\ScholarX-React-main\src\pages\Courses\components\InstructorInfo.jsx", "JavaScript JSX", 0, 0, 0, 0, 0, 0, 38, 0, 0, 9, 9, 56
"c:\Users\dell\Documents\ScholarX\ScholarX-React-main\ScholarX-React-main\src\pages\Courses\components\InstructorInfo.module.css", "PostCSS", 0, 0, 0, 0, 0, 25, 0, 0, 0, 0, 5, 30
"c:\Users\dell\Documents\ScholarX\ScholarX-React-main\ScholarX-React-main\src\pages\Courses\components\Pagination.jsx", "JavaScript JSX", 0, 0, 0, 0, 0, 0, 66, 0, 0, 14, 9, 89
"c:\Users\dell\Documents\ScholarX\ScholarX-React-main\ScholarX-React-main\src\pages\Courses\components\Pagination.module.css", "PostCSS", 0, 0, 0, 0, 0, 71, 0, 0, 0, 1, 15, 87
"c:\Users\dell\Documents\ScholarX\ScholarX-React-main\ScholarX-React-main\src\pages\Courses\components\SearchHero.jsx", "JavaScript JSX", 0, 0, 0, 0, 0, 0, 71, 0, 0, 12, 9, 92
"c:\Users\dell\Documents\ScholarX\ScholarX-React-main\ScholarX-React-main\src\pages\Courses\components\SearchHero.module.css", "PostCSS", 0, 0, 0, 0, 0, 157, 0, 0, 0, 2, 23, 182
"c:\Users\dell\Documents\ScholarX\ScholarX-React-main\ScholarX-React-main\src\pages\Courses\components\SearchResults.jsx", "JavaScript JSX", 0, 0, 0, 0, 0, 0, 79, 0, 0, 13, 8, 100
"c:\Users\dell\Documents\ScholarX\ScholarX-React-main\ScholarX-React-main\src\pages\Courses\components\SearchResults.module.css", "PostCSS", 0, 0, 0, 0, 0, 97, 0, 0, 0, 2, 16, 115
"c:\Users\dell\Documents\ScholarX\ScholarX-React-main\ScholarX-React-main\src\pages\Courses\components\index.js", "JavaScript", 0, 0, 0, 12, 0, 0, 0, 0, 0, 3, 2, 17
"c:\Users\dell\Documents\ScholarX\ScholarX-React-main\ScholarX-React-main\src\pages\Courses\constants\index.js", "JavaScript", 0, 0, 0, 42, 0, 0, 0, 0, 0, 11, 8, 61
"c:\Users\dell\Documents\ScholarX\ScholarX-React-main\ScholarX-React-main\src\pages\Courses\hooks\index.js", "JavaScript", 0, 0, 0, 3, 0, 0, 0, 0, 0, 3, 2, 8
"c:\Users\dell\Documents\ScholarX\ScholarX-React-main\ScholarX-React-main\src\pages\Courses\hooks\useCourseSearch.js", "JavaScript", 0, 0, 0, 95, 0, 0, 0, 0, 0, 16, 20, 131
"c:\Users\dell\Documents\ScholarX\ScholarX-React-main\ScholarX-React-main\src\pages\Courses\hooks\useCourses.js", "JavaScript", 0, 0, 0, 58, 0, 0, 0, 0, 0, 14, 10, 82
"c:\Users\dell\Documents\ScholarX\ScholarX-React-main\ScholarX-React-main\src\pages\Courses\hooks\usePagination.js", "JavaScript", 0, 0, 0, 34, 0, 0, 0, 0, 0, 12, 10, 56
"c:\Users\dell\Documents\ScholarX\ScholarX-React-main\ScholarX-React-main\src\pages\Courses\index.js", "JavaScript", 0, 0, 0, 4, 0, 0, 0, 0, 0, 7, 5, 16
"c:\Users\dell\Documents\ScholarX\ScholarX-React-main\ScholarX-React-main\src\pages\GoogleCallback\GoogleCallback.css", "PostCSS", 0, 0, 0, 0, 0, 26, 0, 0, 0, 0, 3, 29
"c:\Users\dell\Documents\ScholarX\ScholarX-React-main\ScholarX-React-main\src\pages\GoogleCallback\GoogleCallback.jsx", "JavaScript JSX", 0, 0, 0, 0, 0, 0, 53, 0, 0, 0, 9, 62
"c:\Users\dell\Documents\ScholarX\ScholarX-React-main\ScholarX-React-main\src\pages\Home\Home.css", "PostCSS", 0, 0, 0, 0, 0, 0, 0, 0, 0, 37, 1, 38
"c:\Users\dell\Documents\ScholarX\ScholarX-React-main\ScholarX-React-main\src\pages\Home\Home.jsx", "JavaScript JSX", 0, 0, 0, 0, 0, 0, 40, 0, 0, 9, 8, 57
"c:\Users\dell\Documents\ScholarX\ScholarX-React-main\ScholarX-React-main\src\pages\Home\Home.module.css", "PostCSS", 0, 0, 0, 0, 0, 20, 0, 0, 0, 5, 6, 31
"c:\Users\dell\Documents\ScholarX\ScholarX-React-main\ScholarX-React-main\src\pages\Home\README.md", "Markdown", 0, 236, 0, 0, 0, 0, 0, 0, 0, 0, 85, 321
"c:\Users\dell\Documents\ScholarX\ScholarX-React-main\ScholarX-React-main\src\pages\Home\components\Contact\Contact.jsx", "JavaScript JSX", 0, 0, 0, 0, 0, 0, 101, 0, 0, 6, 12, 119
"c:\Users\dell\Documents\ScholarX\ScholarX-React-main\ScholarX-React-main\src\pages\Home\components\Contact\Contact.module.css", "PostCSS", 0, 0, 0, 0, 0, 38, 0, 0, 0, 0, 8, 46
"c:\Users\dell\Documents\ScholarX\ScholarX-React-main\ScholarX-React-main\src\pages\Home\components\Features\Features.jsx", "JavaScript JSX", 0, 0, 0, 0, 0, 0, 53, 0, 0, 6, 7, 66
"c:\Users\dell\Documents\ScholarX\ScholarX-React-main\ScholarX-React-main\src\pages\Home\components\Features\Features.module.css", "PostCSS", 0, 0, 0, 0, 0, 287, 0, 0, 0, 7, 47, 341
"c:\Users\dell\Documents\ScholarX\ScholarX-React-main\ScholarX-React-main\src\pages\Home\components\Hero\Hero.jsx", "JavaScript JSX", 0, 0, 0, 0, 0, 0, 61, 0, 0, 9, 7, 77
"c:\Users\dell\Documents\ScholarX\ScholarX-React-main\ScholarX-React-main\src\pages\Home\components\Hero\Hero.module.css", "PostCSS", 0, 0, 0, 0, 0, 441, 0, 0, 0, 8, 65, 514
"c:\Users\dell\Documents\ScholarX\ScholarX-React-main\ScholarX-React-main\src\pages\Home\components\ImpactSection\ImpactSection.jsx", "JavaScript JSX", 0, 0, 0, 0, 0, 0, 49, 0, 0, 7, 7, 63
"c:\Users\dell\Documents\ScholarX\ScholarX-React-main\ScholarX-React-main\src\pages\Home\components\ImpactSection\ImpactSection.module.css", "PostCSS", 0, 0, 0, 0, 0, 153, 0, 0, 0, 7, 26, 186
"c:\Users\dell\Documents\ScholarX\ScholarX-React-main\ScholarX-React-main\src\pages\Home\components\Impact\Impact.css", "PostCSS", 0, 0, 0, 0, 0, 65, 0, 0, 0, 0, 15, 80
"c:\Users\dell\Documents\ScholarX\ScholarX-React-main\ScholarX-React-main\src\pages\Home\components\Impact\Impact.jsx", "JavaScript JSX", 0, 0, 0, 0, 0, 0, 43, 0, 0, 0, 6, 49
"c:\Users\dell\Documents\ScholarX\ScholarX-React-main\ScholarX-React-main\src\pages\Home\components\ServicesSection\ServicesSection.jsx", "JavaScript JSX", 0, 0, 0, 0, 0, 0, 63, 0, 0, 7, 7, 77
"c:\Users\dell\Documents\ScholarX\ScholarX-React-main\ScholarX-React-main\src\pages\Home\components\ServicesSection\ServicesSection.module.css", "PostCSS", 0, 0, 0, 0, 0, 152, 0, 0, 0, 6, 28, 186
"c:\Users\dell\Documents\ScholarX\ScholarX-React-main\ScholarX-React-main\src\pages\Home\components\Services\Services.css", "PostCSS", 0, 0, 0, 0, 0, 136, 0, 0, 0, 2, 15, 153
"c:\Users\dell\Documents\ScholarX\ScholarX-React-main\ScholarX-React-main\src\pages\Home\components\Services\Services.jsx", "JavaScript JSX", 0, 0, 0, 0, 0, 0, 54, 0, 0, 0, 9, 63
"c:\Users\dell\Documents\ScholarX\ScholarX-React-main\ScholarX-React-main\src\pages\Home\components\index.js", "JavaScript", 0, 0, 0, 5, 0, 0, 0, 0, 0, 3, 2, 10
"c:\Users\dell\Documents\ScholarX\ScholarX-React-main\ScholarX-React-main\src\pages\Home\components\shared\ServiceCard.jsx", "JavaScript JSX", 0, 0, 0, 0, 0, 0, 43, 0, 0, 4, 7, 54
"c:\Users\dell\Documents\ScholarX\ScholarX-React-main\ScholarX-React-main\src\pages\Home\components\shared\ServiceCard.module.css", "PostCSS", 0, 0, 0, 0, 0, 145, 0, 0, 0, 6, 22, 173
"c:\Users\dell\Documents\ScholarX\ScholarX-React-main\ScholarX-React-main\src\pages\Home\components\shared\StatCard.jsx", "JavaScript JSX", 0, 0, 0, 0, 0, 0, 94, 0, 0, 5, 17, 116
"c:\Users\dell\Documents\ScholarX\ScholarX-React-main\ScholarX-React-main\src\pages\Home\components\shared\StatCard.module.css", "PostCSS", 0, 0, 0, 0, 0, 152, 0, 0, 0, 5, 23, 180
"c:\Users\dell\Documents\ScholarX\ScholarX-React-main\ScholarX-React-main\src\pages\Home\components\shared\index.js", "JavaScript", 0, 0, 0, 2, 0, 0, 0, 0, 0, 3, 2, 7
"c:\Users\dell\Documents\ScholarX\ScholarX-React-main\ScholarX-React-main\src\pages\Home\constants\index.js", "JavaScript", 0, 0, 0, 175, 0, 0, 0, 0, 0, 12, 14, 201
"c:\Users\dell\Documents\ScholarX\ScholarX-React-main\ScholarX-React-main\src\pages\Home\index.js", "JavaScript", 0, 0, 0, 2, 0, 0, 0, 0, 0, 3, 2, 7
"c:\Users\dell\Documents\ScholarX\ScholarX-React-main\ScholarX-React-main\src\pages\LessonPage\LessonPage.jsx", "JavaScript JSX", 0, 0, 0, 0, 0, 0, 282, 0, 0, 57, 35, 374
"c:\Users\dell\Documents\ScholarX\ScholarX-React-main\ScholarX-React-main\src\pages\LessonPage\LessonPage.module.css", "PostCSS", 0, 0, 0, 0, 0, 204, 0, 0, 0, 23, 34, 261
"c:\Users\dell\Documents\ScholarX\ScholarX-React-main\ScholarX-React-main\src\pages\LessonPage\components\AccessDenied.jsx", "JavaScript JSX", 0, 0, 0, 0, 0, 0, 79, 0, 0, 8, 12, 99
"c:\Users\dell\Documents\ScholarX\ScholarX-React-main\ScholarX-React-main\src\pages\LessonPage\components\AccessDenied.module.css", "PostCSS", 0, 0, 0, 0, 0, 192, 0, 0, 0, 5, 29, 226
"c:\Users\dell\Documents\ScholarX\ScholarX-React-main\ScholarX-React-main\src\pages\LessonPage\components\AutoPlayOverlay.jsx", "JavaScript JSX", 0, 0, 0, 0, 0, 0, 158, 0, 0, 11, 19, 188
"c:\Users\dell\Documents\ScholarX\ScholarX-React-main\ScholarX-React-main\src\pages\LessonPage\components\AutoPlayOverlay.module.css", "PostCSS", 0, 0, 0, 0, 0, 198, 0, 0, 0, 9, 30, 237
"c:\Users\dell\Documents\ScholarX\ScholarX-React-main\ScholarX-React-main\src\pages\LessonPage\components\CompletionCelebration.jsx", "JavaScript JSX", 0, 0, 0, 0, 0, 0, 74, 0, 0, 6, 10, 90
"c:\Users\dell\Documents\ScholarX\ScholarX-React-main\ScholarX-React-main\src\pages\LessonPage\components\CompletionCelebration.module.css", "PostCSS", 0, 0, 0, 0, 0, 190, 0, 0, 0, 6, 30, 226
"c:\Users\dell\Documents\ScholarX\ScholarX-React-main\ScholarX-React-main\src\pages\LessonPage\components\CompletionNotification.jsx", "JavaScript JSX", 0, 0, 0, 0, 0, 0, 48, 0, 0, 5, 9, 62
"c:\Users\dell\Documents\ScholarX\ScholarX-React-main\ScholarX-React-main\src\pages\LessonPage\components\CompletionNotification.module.css", "PostCSS", 0, 0, 0, 0, 0, 253, 0, 0, 0, 6, 39, 298
"c:\Users\dell\Documents\ScholarX\ScholarX-React-main\ScholarX-React-main\src\pages\LessonPage\components\CourseSidebar.jsx", "JavaScript JSX", 0, 0, 0, 0, 0, 0, 63, 0, 0, 7, 7, 77
"c:\Users\dell\Documents\ScholarX\ScholarX-React-main\ScholarX-React-main\src\pages\LessonPage\components\CourseSidebar.module.css", "PostCSS", 0, 0, 0, 0, 0, 173, 0, 0, 0, 5, 37, 215
"c:\Users\dell\Documents\ScholarX\ScholarX-React-main\ScholarX-React-main\src\pages\LessonPage\components\EmptyLessonState.jsx", "JavaScript JSX", 0, 0, 0, 0, 0, 0, 66, 0, 0, 8, 8, 82
"c:\Users\dell\Documents\ScholarX\ScholarX-React-main\ScholarX-React-main\src\pages\LessonPage\components\EmptyLessonState.module.css", "PostCSS", 0, 0, 0, 0, 0, 349, 0, 0, 0, 17, 66, 432
"c:\Users\dell\Documents\ScholarX\ScholarX-React-main\ScholarX-React-main\src\pages\LessonPage\components\KeyboardShortcuts.jsx", "JavaScript JSX", 0, 0, 0, 0, 0, 0, 93, 0, 0, 5, 11, 109
"c:\Users\dell\Documents\ScholarX\ScholarX-React-main\ScholarX-React-main\src\pages\LessonPage\components\KeyboardShortcuts.module.css", "PostCSS", 0, 0, 0, 0, 0, 172, 0, 0, 0, 5, 28, 205
"c:\Users\dell\Documents\ScholarX\ScholarX-React-main\ScholarX-React-main\src\pages\LessonPage\components\LessonContentWrapper.jsx", "JavaScript JSX", 0, 0, 0, 0, 0, 0, 26, 0, 0, 13, 5, 44
"c:\Users\dell\Documents\ScholarX\ScholarX-React-main\ScholarX-React-main\src\pages\LessonPage\components\LessonContentWrapper.module.css", "PostCSS", 0, 0, 0, 0, 0, 118, 0, 0, 0, 37, 26, 181
"c:\Users\dell\Documents\ScholarX\ScholarX-React-main\ScholarX-React-main\src\pages\LessonPage\components\LessonDescription.jsx", "JavaScript JSX", 0, 0, 0, 0, 0, 0, 259, 0, 0, 6, 12, 277
"c:\Users\dell\Documents\ScholarX\ScholarX-React-main\ScholarX-React-main\src\pages\LessonPage\components\LessonDescription.module.css", "PostCSS", 0, 0, 0, 0, 0, 213, 0, 0, 0, 11, 41, 265
"c:\Users\dell\Documents\ScholarX\ScholarX-React-main\ScholarX-React-main\src\pages\LessonPage\components\LessonHeader.jsx", "JavaScript JSX", 0, 0, 0, 0, 0, 0, 32, 0, 0, 4, 5, 41
"c:\Users\dell\Documents\ScholarX\ScholarX-React-main\ScholarX-React-main\src\pages\LessonPage\components\LessonHeader.module.css", "PostCSS", 0, 0, 0, 0, 0, 124, 0, 0, 0, 2, 25, 151
"c:\Users\dell\Documents\ScholarX\ScholarX-React-main\ScholarX-React-main\src\pages\LessonPage\components\LessonItem.jsx", "JavaScript JSX", 0, 0, 0, 0, 0, 0, 70, 0, 0, 4, 8, 82
"c:\Users\dell\Documents\ScholarX\ScholarX-React-main\ScholarX-React-main\src\pages\LessonPage\components\LessonItem.module.css", "PostCSS", 0, 0, 0, 0, 0, 245, 0, 0, 0, 8, 49, 302
"c:\Users\dell\Documents\ScholarX\ScholarX-React-main\ScholarX-React-main\src\pages\LessonPage\components\LessonNotes.jsx", "JavaScript JSX", 0, 0, 0, 0, 0, 0, 205, 0, 0, 14, 17, 236
"c:\Users\dell\Documents\ScholarX\ScholarX-React-main\ScholarX-React-main\src\pages\LessonPage\components\LessonNotes.module.css", "PostCSS", 0, 0, 0, 0, 0, 178, 0, 0, 0, 8, 32, 218
"c:\Users\dell\Documents\ScholarX\ScholarX-React-main\ScholarX-React-main\src\pages\LessonPage\components\LoadingState.jsx", "JavaScript JSX", 0, 0, 0, 0, 0, 0, 50, 0, 0, 6, 5, 61
"c:\Users\dell\Documents\ScholarX\ScholarX-React-main\ScholarX-React-main\src\pages\LessonPage\components\LoadingState.module.css", "PostCSS", 0, 0, 0, 0, 0, 231, 0, 0, 0, 5, 34, 270
"c:\Users\dell\Documents\ScholarX\ScholarX-React-main\ScholarX-React-main\src\pages\LessonPage\components\MiniProgress.jsx", "JavaScript JSX", 0, 0, 0, 0, 0, 0, 107, 0, 0, 11, 12, 130
"c:\Users\dell\Documents\ScholarX\ScholarX-React-main\ScholarX-React-main\src\pages\LessonPage\components\MiniProgress.module.css", "PostCSS", 0, 0, 0, 0, 0, 195, 0, 0, 0, 9, 38, 242
"c:\Users\dell\Documents\ScholarX\ScholarX-React-main\ScholarX-React-main\src\pages\LessonPage\components\NavigationBar.jsx", "JavaScript JSX", 0, 0, 0, 0, 0, 0, 230, 0, 0, 12, 17, 259
"c:\Users\dell\Documents\ScholarX\ScholarX-React-main\ScholarX-React-main\src\pages\LessonPage\components\NavigationBar.module.css", "PostCSS", 0, 0, 0, 0, 0, 302, 0, 0, 0, 9, 60, 371
"c:\Users\dell\Documents\ScholarX\ScholarX-React-main\ScholarX-React-main\src\pages\LessonPage\components\ProgressBar.jsx", "JavaScript JSX", 0, 0, 0, 0, 0, 0, 83, 0, 0, 6, 9, 98
"c:\Users\dell\Documents\ScholarX\ScholarX-React-main\ScholarX-React-main\src\pages\LessonPage\components\ProgressBar.module.css", "PostCSS", 0, 0, 0, 0, 0, 256, 0, 0, 0, 6, 46, 308
"c:\Users\dell\Documents\ScholarX\ScholarX-React-main\ScholarX-React-main\src\pages\LessonPage\components\QuickActions.jsx", "JavaScript JSX", 0, 0, 0, 0, 0, 0, 187, 0, 0, 11, 15, 213
"c:\Users\dell\Documents\ScholarX\ScholarX-React-main\ScholarX-React-main\src\pages\LessonPage\components\QuickActions.module.css", "PostCSS", 0, 0, 0, 0, 0, 166, 0, 0, 0, 7, 27, 200
"c:\Users\dell\Documents\ScholarX\ScholarX-React-main\ScholarX-React-main\src\pages\LessonPage\components\SectionAccordion.jsx", "JavaScript JSX", 0, 0, 0, 0, 0, 0, 83, 0, 0, 4, 9, 96
"c:\Users\dell\Documents\ScholarX\ScholarX-React-main\ScholarX-React-main\src\pages\LessonPage\components\SectionAccordion.module.css", "PostCSS", 0, 0, 0, 0, 0, 200, 0, 0, 0, 4, 41, 245
"c:\Users\dell\Documents\ScholarX\ScholarX-React-main\ScholarX-React-main\src\pages\LessonPage\components\VideoPlayer.jsx", "JavaScript JSX", 0, 0, 0, 0, 0, 0, 41, 0, 0, 4, 5, 50
"c:\Users\dell\Documents\ScholarX\ScholarX-React-main\ScholarX-React-main\src\pages\LessonPage\components\VideoPlayer.module.css", "PostCSS", 0, 0, 0, 0, 0, 95, 0, 0, 0, 14, 16, 125
"c:\Users\dell\Documents\ScholarX\ScholarX-React-main\ScholarX-React-main\src\pages\LessonPage\components\index.js", "JavaScript", 0, 0, 0, 19, 0, 0, 0, 0, 0, 4, 3, 26
"c:\Users\dell\Documents\ScholarX\ScholarX-React-main\ScholarX-React-main\src\pages\LessonPage\constants\index.js", "JavaScript", 0, 0, 0, 43, 0, 0, 0, 0, 0, 11, 8, 62
"c:\Users\dell\Documents\ScholarX\ScholarX-React-main\ScholarX-React-main\src\pages\LessonPage\hooks\index.js", "JavaScript", 0, 0, 0, 4, 0, 0, 0, 0, 0, 3, 2, 9
"c:\Users\dell\Documents\ScholarX\ScholarX-React-main\ScholarX-React-main\src\pages\LessonPage\hooks\useCertificateModal.js", "JavaScript", 0, 0, 0, 29, 0, 0, 0, 0, 0, 14, 7, 50
"c:\Users\dell\Documents\ScholarX\ScholarX-React-main\ScholarX-React-main\src\pages\LessonPage\hooks\useLessonCompletion.js", "JavaScript", 0, 0, 0, 70, 0, 0, 0, 0, 0, 18, 12, 100
"c:\Users\dell\Documents\ScholarX\ScholarX-React-main\ScholarX-React-main\src\pages\LessonPage\hooks\useLessonData.js", "JavaScript", 0, 0, 0, 121, 0, 0, 0, 0, 0, 26, 14, 161
"c:\Users\dell\Documents\ScholarX\ScholarX-React-main\ScholarX-React-main\src\pages\LessonPage\hooks\useLessonNavigation.js", "JavaScript", 0, 0, 0, 110, 0, 0, 0, 0, 0, 34, 21, 165
"c:\Users\dell\Documents\ScholarX\ScholarX-React-main\ScholarX-React-main\src\pages\LessonPage\index.html", "HTML", 0, 0, 197, 0, 0, 0, 0, 0, 0, 0, 22, 219
"c:\Users\dell\Documents\ScholarX\ScholarX-React-main\ScholarX-React-main\src\pages\LessonPage\index.js", "JavaScript", 0, 0, 0, 4, 0, 0, 0, 0, 0, 3, 2, 9
"c:\Users\dell\Documents\ScholarX\ScholarX-React-main\ScholarX-React-main\src\pages\Login\Login.css", "PostCSS", 0, 0, 0, 0, 0, 268, 0, 0, 0, 23, 46, 337
"c:\Users\dell\Documents\ScholarX\ScholarX-React-main\ScholarX-React-main\src\pages\Login\Login.jsx", "JavaScript JSX", 0, 0, 0, 0, 0, 0, 175, 0, 0, 8, 18, 201
"c:\Users\dell\Documents\ScholarX\ScholarX-React-main\ScholarX-React-main\src\pages\NotFound\NotFound.css", "PostCSS", 0, 0, 0, 0, 0, 81, 0, 0, 0, 0, 15, 96
"c:\Users\dell\Documents\ScholarX\ScholarX-React-main\ScholarX-React-main\src\pages\NotFound\NotFound.jsx", "JavaScript JSX", 0, 0, 0, 0, 0, 0, 28, 0, 0, 0, 2, 30
"c:\Users\dell\Documents\ScholarX\ScholarX-React-main\ScholarX-React-main\src\pages\PrivacyPolicy\PrivacyPolicy.jsx", "JavaScript JSX", 0, 0, 0, 0, 0, 0, 47, 0, 0, 10, 7, 64
"c:\Users\dell\Documents\ScholarX\ScholarX-React-main\ScholarX-React-main\src\pages\PrivacyPolicy\PrivacyPolicy.module.css", "PostCSS", 0, 0, 0, 0, 0, 132, 0, 0, 0, 4, 21, 157
"c:\Users\dell\Documents\ScholarX\ScholarX-React-main\ScholarX-React-main\src\pages\PrivacyPolicy\README.md", "Markdown", 0, 43, 0, 0, 0, 0, 0, 0, 0, 0, 14, 57
"c:\Users\dell\Documents\ScholarX\ScholarX-React-main\ScholarX-React-main\src\pages\PrivacyPolicy\components\HeroSection\HeroSection.jsx", "JavaScript JSX", 0, 0, 0, 0, 0, 0, 43, 0, 0, 5, 5, 53
"c:\Users\dell\Documents\ScholarX\ScholarX-React-main\ScholarX-React-main\src\pages\PrivacyPolicy\components\HeroSection\HeroSection.module.css", "PostCSS", 0, 0, 0, 0, 0, 182, 0, 0, 0, 3, 22, 207
"c:\Users\dell\Documents\ScholarX\ScholarX-React-main\ScholarX-React-main\src\pages\PrivacyPolicy\components\PolicySection\PolicySection.jsx", "JavaScript JSX", 0, 0, 0, 0, 0, 0, 130, 0, 0, 6, 14, 150
"c:\Users\dell\Documents\ScholarX\ScholarX-React-main\ScholarX-React-main\src\pages\PrivacyPolicy\components\PolicySection\PolicySection.module.css", "PostCSS", 0, 0, 0, 0, 0, 238, 0, 0, 0, 5, 35, 278
"c:\Users\dell\Documents\ScholarX\ScholarX-React-main\ScholarX-React-main\src\pages\PrivacyPolicy\components\TableOfContents\TableOfContents.jsx", "JavaScript JSX", 0, 0, 0, 0, 0, 0, 148, 0, 0, 17, 29, 194
"c:\Users\dell\Documents\ScholarX\ScholarX-React-main\ScholarX-React-main\src\pages\PrivacyPolicy\components\TableOfContents\TableOfContents.module.css", "PostCSS", 0, 0, 0, 0, 0, 197, 0, 0, 0, 5, 29, 231
"c:\Users\dell\Documents\ScholarX\ScholarX-React-main\ScholarX-React-main\src\pages\PrivacyPolicy\components\index.js", "JavaScript", 0, 0, 0, 3, 0, 0, 0, 0, 0, 4, 2, 9
"c:\Users\dell\Documents\ScholarX\ScholarX-React-main\ScholarX-React-main\src\pages\PrivacyPolicy\constants\index.js", "JavaScript", 0, 0, 0, 223, 0, 0, 0, 0, 0, 10, 7, 240
"c:\Users\dell\Documents\ScholarX\ScholarX-React-main\ScholarX-React-main\src\pages\PrivacyPolicy\index.js", "JavaScript", 0, 0, 0, 2, 0, 0, 0, 0, 0, 3, 2, 7
"c:\Users\dell\Documents\ScholarX\ScholarX-React-main\ScholarX-React-main\src\pages\Profile\Profile.css", "PostCSS", 0, 0, 0, 0, 0, 149, 0, 0, 0, 1, 6, 156
"c:\Users\dell\Documents\ScholarX\ScholarX-React-main\ScholarX-React-main\src\pages\Profile\Profile.jsx", "JavaScript JSX", 0, 0, 0, 0, 0, 0, 139, 0, 0, 2, 13, 154
"c:\Users\dell\Documents\ScholarX\ScholarX-React-main\ScholarX-React-main\src\pages\Sales\SalesDashboard.jsx", "JavaScript JSX", 0, 0, 0, 0, 0, 0, 194, 0, 0, 18, 23, 235
"c:\Users\dell\Documents\ScholarX\ScholarX-React-main\ScholarX-React-main\src\pages\Sales\SalesDashboard.module.css", "PostCSS", 0, 0, 0, 0, 0, 149, 0, 0, 0, 9, 19, 177
"c:\Users\dell\Documents\ScholarX\ScholarX-React-main\ScholarX-React-main\src\pages\Sales\components\InquiriesTable\InquiriesTable.jsx", "JavaScript JSX", 0, 0, 0, 0, 0, 0, 247, 0, 0, 10, 12, 269
"c:\Users\dell\Documents\ScholarX\ScholarX-React-main\ScholarX-React-main\src\pages\Sales\components\InquiriesTable\InquiriesTable.module.css", "PostCSS", 0, 0, 0, 0, 0, 255, 0, 0, 0, 10, 39, 304
"c:\Users\dell\Documents\ScholarX\ScholarX-React-main\ScholarX-React-main\src\pages\Sales\components\InquiryDetailDrawer\InquiryDetailDrawer.jsx", "JavaScript JSX", 0, 0, 0, 0, 0, 0, 663, 0, 0, 44, 57, 764
"c:\Users\dell\Documents\ScholarX\ScholarX-React-main\ScholarX-React-main\src\pages\Sales\components\InquiryDetailDrawer\InquiryDetailDrawer.module.css", "PostCSS", 0, 0, 0, 0, 0, 417, 0, 0, 0, 11, 33, 461
"c:\Users\dell\Documents\ScholarX\ScholarX-React-main\ScholarX-React-main\src\pages\Sales\components\StatsCards\StatsCards.jsx", "JavaScript JSX", 0, 0, 0, 0, 0, 0, 126, 0, 0, 5, 9, 140
"c:\Users\dell\Documents\ScholarX\ScholarX-React-main\ScholarX-React-main\src\pages\Sales\components\StatsCards\StatsCards.module.css", "PostCSS", 0, 0, 0, 0, 0, 109, 0, 0, 0, 4, 17, 130
"c:\Users\dell\Documents\ScholarX\ScholarX-React-main\ScholarX-React-main\src\pages\Sales\index.js", "JavaScript", 0, 0, 0, 1, 0, 0, 0, 0, 0, 0, 1, 2
"c:\Users\dell\Documents\ScholarX\ScholarX-React-main\ScholarX-React-main\src\pages\Search\SearchResults.css", "PostCSS", 0, 0, 0, 0, 0, 27, 0, 0, 0, 1, 4, 32
"c:\Users\dell\Documents\ScholarX\ScholarX-React-main\ScholarX-React-main\src\pages\Search\SearchResults.jsx", "JavaScript JSX", 0, 0, 0, 0, 0, 0, 50, 0, 0, 0, 8, 58
"c:\Users\dell\Documents\ScholarX\ScholarX-React-main\ScholarX-React-main\src\pages\Services\Services.css", "PostCSS", 0, 0, 0, 0, 0, 281, 0, 0, 0, 4, 52, 337
"c:\Users\dell\Documents\ScholarX\ScholarX-React-main\ScholarX-React-main\src\pages\Services\Services.jsx", "JavaScript JSX", 0, 0, 0, 0, 0, 0, 220, 0, 0, 64, 28, 312
"c:\Users\dell\Documents\ScholarX\ScholarX-React-main\ScholarX-React-main\src\pages\Services\components\AmbassadorModal\AmbassadorModal.css", "PostCSS", 0, 0, 0, 0, 0, 164, 0, 0, 0, 1, 25, 190
"c:\Users\dell\Documents\ScholarX\ScholarX-React-main\ScholarX-React-main\src\pages\Services\components\AmbassadorModal\AmbassadorModal.jsx", "JavaScript JSX", 0, 0, 0, 0, 0, 0, 126, 0, 0, 4, 15, 145
"c:\Users\dell\Documents\ScholarX\ScholarX-React-main\ScholarX-React-main\src\pages\Services\components\DemoPage\DemoPage.css", "PostCSS", 0, 0, 0, 0, 0, 159, 0, 0, 0, 1, 31, 191
"c:\Users\dell\Documents\ScholarX\ScholarX-React-main\ScholarX-React-main\src\pages\Services\components\DemoPage\DemoPage.jsx", "JavaScript JSX", 0, 0, 0, 0, 0, 0, 201, 0, 0, 8, 19, 228
"c:\Users\dell\Documents\ScholarX\ScholarX-React-main\ScholarX-React-main\src\pages\Services\components\EventRegistrationModal\EventRegistrationModal.css", "PostCSS", 0, 0, 0, 0, 0, 288, 0, 0, 0, 2, 50, 340
"c:\Users\dell\Documents\ScholarX\ScholarX-React-main\ScholarX-React-main\src\pages\Services\components\EventRegistrationModal\EventRegistrationModal.jsx", "JavaScript JSX", 0, 0, 0, 0, 0, 0, 315, 0, 0, 27, 28, 370
"c:\Users\dell\Documents\ScholarX\ScholarX-React-main\ScholarX-React-main\src\pages\Services\components\EventRegistrationModal\EventRegistrationModal.test.jsx", "JavaScript JSX", 0, 0, 0, 0, 0, 0, 215, 0, 0, 11, 54, 280
"c:\Users\dell\Documents\ScholarX\ScholarX-React-main\ScholarX-React-main\src\pages\Services\components\EventRegistrationModal\IMPLEMENTATION.md", "Markdown", 0, 201, 0, 0, 0, 0, 0, 0, 0, 0, 80, 281
"c:\Users\dell\Documents\ScholarX\ScholarX-React-main\ScholarX-React-main\src\pages\Services\components\EventRegistrationModal\OVERVIEW.md", "Markdown", 0, 404, 0, 0, 0, 0, 0, 0, 0, 0, 151, 555
"c:\Users\dell\Documents\ScholarX\ScholarX-React-main\ScholarX-React-main\src\pages\Services\components\EventRegistrationModal\QUICK_REFERENCE.md", "Markdown", 0, 152, 0, 0, 0, 0, 0, 0, 0, 0, 40, 192
"c:\Users\dell\Documents\ScholarX\ScholarX-React-main\ScholarX-React-main\src\pages\Services\components\EventRegistrationModal\README.md", "Markdown", 0, 227, 0, 0, 0, 0, 0, 0, 0, 0, 71, 298
"c:\Users\dell\Documents\ScholarX\ScholarX-React-main\ScholarX-React-main\src\pages\Services\components\EventRegistrationModal\USAGE.md", "Markdown", 0, 311, 0, 0, 0, 0, 0, 0, 0, 0, 73, 384
"c:\Users\dell\Documents\ScholarX\ScholarX-React-main\ScholarX-React-main\src\pages\Services\components\EventRegistrationModal\eventRegistrationSchema.js", "JavaScript", 0, 0, 0, 95, 0, 0, 0, 0, 0, 7, 13, 115
"c:\Users\dell\Documents\ScholarX\ScholarX-React-main\ScholarX-React-main\src\pages\Services\components\MentorshipModal\MentorshipModal.css", "PostCSS", 0, 0, 0, 0, 0, 164, 0, 0, 0, 1, 25, 190
"c:\Users\dell\Documents\ScholarX\ScholarX-React-main\ScholarX-React-main\src\pages\Services\components\MentorshipModal\MentorshipModal.jsx", "JavaScript JSX", 0, 0, 0, 0, 0, 0, 126, 0, 0, 4, 15, 145
"c:\Users\dell\Documents\ScholarX\ScholarX-React-main\ScholarX-React-main\src\pages\Services\components\PodcastModal\PodcastModal.css", "PostCSS", 0, 0, 0, 0, 0, 279, 0, 0, 0, 4, 48, 331
"c:\Users\dell\Documents\ScholarX\ScholarX-React-main\ScholarX-React-main\src\pages\Services\components\PodcastModal\PodcastModal.jsx", "JavaScript JSX", 0, 0, 0, 0, 0, 0, 71, 0, 0, 1, 8, 80
"c:\Users\dell\Documents\ScholarX\ScholarX-React-main\ScholarX-React-main\src\pages\Services\components\ServiceCard\ServiceCard.css", "PostCSS", 0, 0, 0, 0, 0, 88, 0, 0, 0, 1, 13, 102
"c:\Users\dell\Documents\ScholarX\ScholarX-React-main\ScholarX-React-main\src\pages\Services\components\ServiceCard\ServiceCard.jsx", "JavaScript JSX", 0, 0, 0, 0, 0, 0, 62, 0, 0, 5, 8, 75
"c:\Users\dell\Documents\ScholarX\ScholarX-React-main\ScholarX-React-main\src\pages\Services\hooks\useEventInterest.js", "JavaScript", 0, 0, 0, 90, 0, 0, 0, 0, 0, 14, 16, 120
"c:\Users\dell\Documents\ScholarX\ScholarX-React-main\ScholarX-React-main\src\pages\Services\services\eventRegistrationApi.js", "JavaScript", 0, 0, 0, 162, 0, 0, 0, 0, 0, 35, 24, 221
"c:\Users\dell\Documents\ScholarX\ScholarX-React-main\ScholarX-React-main\src\pages\Services\types\eventRegistration.types.ts", "TypeScript", 0, 0, 0, 0, 0, 0, 0, 0, 59, 10, 9, 78
"c:\Users\dell\Documents\ScholarX\ScholarX-React-main\ScholarX-React-main\src\pages\Signup\Signup.css", "PostCSS", 0, 0, 0, 0, 0, 379, 0, 0, 0, 24, 70, 473
"c:\Users\dell\Documents\ScholarX\ScholarX-React-main\ScholarX-React-main\src\pages\Signup\Signup.jsx", "JavaScript JSX", 0, 0, 0, 0, 0, 0, 274, 0, 0, 27, 19, 320
"c:\Users\dell\Documents\ScholarX\ScholarX-React-main\ScholarX-React-main\src\pages\TermsOfService\TermsOfService.jsx", "JavaScript JSX", 0, 0, 0, 0, 0, 0, 51, 0, 0, 10, 7, 68
"c:\Users\dell\Documents\ScholarX\ScholarX-React-main\ScholarX-React-main\src\pages\TermsOfService\TermsOfService.module.css", "PostCSS", 0, 0, 0, 0, 0, 132, 0, 0, 0, 4, 21, 157
"c:\Users\dell\Documents\ScholarX\ScholarX-React-main\ScholarX-React-main\src\pages\TermsOfService\constants\index.js", "JavaScript", 0, 0, 0, 334, 0, 0, 0, 0, 0, 9, 6, 349
"c:\Users\dell\Documents\ScholarX\ScholarX-React-main\ScholarX-React-main\src\pages\TermsOfService\index.js", "JavaScript", 0, 0, 0, 2, 0, 0, 0, 0, 0, 3, 2, 7
"c:\Users\dell\Documents\ScholarX\ScholarX-React-main\ScholarX-React-main\src\pages\VerifyEmail\VerifyEmail.jsx", "JavaScript JSX", 0, 0, 0, 0, 0, 0, 60, 0, 0, 5, 11, 76
"c:\Users\dell\Documents\ScholarX\ScholarX-React-main\ScholarX-React-main\src\pages\forget-password\forget.css", "PostCSS", 0, 0, 0, 0, 0, 130, 0, 0, 0, 0, 23, 153
"c:\Users\dell\Documents\ScholarX\ScholarX-React-main\ScholarX-React-main\src\pages\forget-password\forget.jsx", "JavaScript JSX", 0, 0, 0, 0, 0, 0, 78, 0, 0, 0, 9, 87
"c:\Users\dell\Documents\ScholarX\ScholarX-React-main\ScholarX-React-main\src\pages\myCourses\MyCourses.css", "PostCSS", 0, 0, 0, 0, 0, 36, 0, 0, 0, 0, 4, 40
"c:\Users\dell\Documents\ScholarX\ScholarX-React-main\ScholarX-React-main\src\pages\myCourses\MyCourses.jsx", "JavaScript JSX", 0, 0, 0, 0, 0, 0, 52, 0, 0, 1, 7, 60
"c:\Users\dell\Documents\ScholarX\ScholarX-React-main\ScholarX-React-main\src\pages\reset-password\reset.css", "PostCSS", 0, 0, 0, 0, 0, 68, 0, 0, 0, 0, 12, 80
"c:\Users\dell\Documents\ScholarX\ScholarX-React-main\ScholarX-React-main\src\pages\reset-password\reset.jsx", "JavaScript JSX", 0, 0, 0, 0, 0, 0, 115, 0, 0, 0, 11, 126
"c:\Users\dell\Documents\ScholarX\ScholarX-React-main\ScholarX-React-main\src\providers\QueryProvider.jsx", "JavaScript JSX", 0, 0, 0, 0, 0, 0, 21, 0, 0, 10, 4, 35
"c:\Users\dell\Documents\ScholarX\ScholarX-React-main\ScholarX-React-main\src\services\api.js", "JavaScript", 0, 0, 0, 272, 0, 0, 0, 0, 0, 78, 42, 392
"c:\Users\dell\Documents\ScholarX\ScholarX-React-main\ScholarX-React-main\src\store\index.js", "JavaScript", 0, 0, 0, 24, 0, 0, 0, 0, 0, 4, 2, 30
"c:\Users\dell\Documents\ScholarX\ScholarX-React-main\ScholarX-React-main\src\store\slices\adminSlice.js", "JavaScript", 0, 0, 0, 681, 0, 0, 0, 0, 0, 15, 34, 730
"c:\Users\dell\Documents\ScholarX\ScholarX-React-main\ScholarX-React-main\src\store\slices\authSlice.js", "JavaScript", 0, 0, 0, 152, 0, 0, 0, 0, 0, 9, 10, 171
"c:\Users\dell\Documents\ScholarX\ScholarX-React-main\ScholarX-React-main\src\store\slices\certificateSlice.js", "JavaScript", 0, 0, 0, 217, 0, 0, 0, 0, 0, 10, 11, 238
"c:\Users\dell\Documents\ScholarX\ScholarX-React-main\ScholarX-React-main\src\store\slices\courseSlice.js", "JavaScript", 0, 0, 0, 125, 0, 0, 0, 0, 0, 5, 7, 137
"c:\Users\dell\Documents\ScholarX\ScholarX-React-main\ScholarX-React-main\src\store\slices\lessonSlice.js", "JavaScript", 0, 0, 0, 138, 0, 0, 0, 0, 0, 9, 11, 158
"c:\Users\dell\Documents\ScholarX\ScholarX-React-main\ScholarX-React-main\src\store\slices\searchSlice.js", "JavaScript", 0, 0, 0, 56, 0, 0, 0, 0, 0, 1, 4, 61
"c:\Users\dell\Documents\ScholarX\ScholarX-React-main\ScholarX-React-main\src\store\slices\uiSlice.js", "JavaScript", 0, 0, 0, 58, 0, 0, 0, 0, 0, 0, 4, 62
"c:\Users\dell\Documents\ScholarX\ScholarX-React-main\ScholarX-React-main\src\styles\sweetalert.css", "PostCSS", 0, 0, 0, 0, 0, 32, 0, 0, 0, 1, 6, 39
"c:\Users\dell\Documents\ScholarX\ScholarX-React-main\ScholarX-React-main\src\utils\constants.js", "JavaScript", 0, 0, 0, 40, 0, 0, 0, 0, 0, 22, 7, 69
"c:\Users\dell\Documents\ScholarX\ScholarX-React-main\ScholarX-React-main\src\utils\dateUtils.js", "JavaScript", 0, 0, 0, 15, 0, 0, 0, 0, 0, 14, 2, 31
"c:\Users\dell\Documents\ScholarX\ScholarX-React-main\ScholarX-React-main\src\utils\errorUtils.js", "JavaScript", 0, 0, 0, 35, 0, 0, 0, 0, 0, 39, 6, 80
"c:\Users\dell\Documents\ScholarX\ScholarX-React-main\ScholarX-React-main\src\utils\errorUtils.test.js", "JavaScript", 0, 0, 0, 103, 0, 0, 0, 0, 0, 6, 17, 126
"c:\Users\dell\Documents\ScholarX\ScholarX-React-main\ScholarX-React-main\src\utils\imageUtils.js", "JavaScript", 0, 0, 0, 17, 0, 0, 0, 0, 0, 25, 8, 50
"c:\Users\dell\Documents\ScholarX\ScholarX-React-main\ScholarX-React-main\src\utils\phoneValidation.js", "JavaScript", 0, 0, 0, 15, 0, 0, 0, 0, 0, 88, 6, 109
"c:\Users\dell\Documents\ScholarX\ScholarX-React-main\ScholarX-React-main\src\utils\phoneValidation.test.js", "JavaScript", 0, 0, 0, 80, 0, 0, 0, 0, 0, 22, 26, 128
"c:\Users\dell\Documents\ScholarX\ScholarX-React-main\ScholarX-React-main\staticwebapp.config.json", "JSON", 48, 0, 0, 0, 0, 0, 0, 0, 0, 0, 1, 49
"c:\Users\dell\Documents\ScholarX\ScholarX-React-main\ScholarX-React-main\vercel.json", "JSON", 8, 0, 0, 0, 0, 0, 0, 0, 0, 0, 0, 8
"c:\Users\dell\Documents\ScholarX\ScholarX-React-main\ScholarX-React-main\vite.config.js", "JavaScript", 0, 0, 0, 40, 0, 0, 0, 0, 0, 7, 7, 54
"Total", "-", 5652, 2062, 210, 5007, 33, 19737, 15599, 94, 59, 3205, 6454, 58112